<Configuration>

  <Add SourcePath="C:\OfficeScratch" OfficeClientEdition="64">
    <Product ID="O365HomePremRetail">
      <Language ID="ar-SA" />
      <Language ID="pt-BR" />
      <Language ID="bg-BG" />
      <Language ID="hr-HR" />
      <Language ID="cs-CZ" />
      <Language ID="da-DK" />
      <Language ID="nl-NL" />
      <Language ID="en-us" />
      <Language ID="et-EE" />
      <Language ID="fi-FI" />
      <Language ID="fr-FR" />
      <Language ID="de-DE" />
      <Language ID="el-GR" />
      <Language ID="he-IL" />
      <Language ID="hi-IN" />
      <Language ID="hu-HU" />
      <Language ID="id-ID" />
      <Language ID="it-IT" />
      <Language ID="kk-KZ" />
      <Language ID="lv-LV" />
      <Language ID="lt-LT" />
      <Language ID="ms-MY" />
      <Language ID="nb-NO" />
      <Language ID="pl-PL" />
      <Language ID="pt-PT" />
      <Language ID="ro-RO" />
      <Language ID="ru-RU" />
      <Language ID="sr-Latn-RS" />
      <Language ID="sk-SK" />
      <Language ID="sl-SI" />
      <Language ID="es-ES" />
      <Language ID="sv-SE" />
      <Language ID="th-TH" />
      <Language ID="tr-TR" />
      <Language ID="uk-UA" />
      <Language ID="vi-VN" />
      <ExcludeApp ID="OneDrive" />
    </Product>
    <Product ID="OneNoteFreeRetail" PIDKEY="XN9Q3-RDV2X-Y4BRC-Q8MP2-7CFGB">
      <Language ID="ar-SA" />
      <Language ID="pt-BR" />
      <Language ID="bg-BG" />
      <Language ID="hr-HR" />
      <Language ID="cs-CZ" />
      <Language ID="da-DK" />
      <Language ID="nl-NL" />
      <Language ID="en-us" />
      <Language ID="et-EE" />
      <Language ID="fi-FI" />
      <Language ID="fr-FR" />
      <Language ID="de-DE" />
      <Language ID="el-GR" />
      <Language ID="he-IL" />
      <Language ID="hi-IN" />
      <Language ID="hu-HU" />
      <Language ID="id-ID" />
      <Language ID="it-IT" />
      <Language ID="kk-KZ" />
      <Language ID="lv-LV" />
      <Language ID="lt-LT" />
      <Language ID="ms-MY" />
      <Language ID="nb-NO" />
      <Language ID="pl-PL" />
      <Language ID="pt-PT" />
      <Language ID="ro-RO" />
      <Language ID="ru-RU" />
      <Language ID="sr-Latn-RS" />
      <Language ID="sk-SK" />
      <Language ID="sl-SI" />
      <Language ID="es-ES" />
      <Language ID="sv-SE" />
      <Language ID="th-TH" />
      <Language ID="tr-TR" />
      <Language ID="uk-UA" />
      <Language ID="vi-VN" />
    </Product>
  </Add>

  <!--  <Display Level="None" />  -->

</Configuration>

