﻿<migration urlid="http://www.microsoft.com/migration/1.0/migxmlext/test">
     <component type="System" context="UserAndSystem">
          <displayName>StoreID</displayName> 
          <role role="Settings">
          <rules>
            <include>
              <objectSet>
                <pattern type="Registry">HKLM\Software\Microsoft\Windows\CurrentVersion\Store [OEMID]</pattern>
              </objectSet>
            </include>
          </rules>
          </role>
     </component>
     <component type="System" context="UserAndSystem">
          <displayName>TaskbarXBOX</displayName> 
          <role role="Settings">
          <rules>
            <include>
              <objectSet>
                <pattern type="Registry">HKLM\SOFTWARE\Microsoft\Windows\CurrentVersion\Explorer [LayoutXMLPath]</pattern>
              </objectSet>
            </include>
          </rules>
          </role>
     </component>
<component type="System">
    <displayName>Exclude manufacturing regkey</displayName>
        <role role="Settings">
            <rules context="System">
                <unconditionalExclude>
                    <objectSet>
                        <pattern type="Registry">HKLM\SYSTEM\CurrentControlSet\Control\CI\Policy [ManufacturingMode]</pattern>
                    </objectSet>
                </unconditionalExclude>
            </rules>
        </role>
</component>
</migration>