<?xml version="1.0" encoding="utf-8"?>
<unattend xmlns="urn:schemas-microsoft-com:unattend">
    <settings pass="offlineServicing">
        <component name="Microsoft-Windows-CodeIntegrity" processorArchitecture="amd64" publicKeyToken="31bf3856ad364e35" language="neutral" versionScope="nonSxS" xmlns:wcm="http://schemas.microsoft.com/WMIConfig/2002/State" xmlns:xsi="http://www.w3.org/2001/XMLSchema-instance">
            <SkuPolicyRequired>1</SkuPolicyRequired>
        </component>
    </settings>
    <settings pass="specialize">
        <component name="Microsoft-Windows-Shell-Setup" processorArchitecture="amd64" publicKeyToken="31bf3856ad364e35" language="neutral" versionScope="nonSxS" xmlns:wcm="http://schemas.microsoft.com/WMIConfig/2002/State" xmlns:xsi="http://www.w3.org/2001/XMLSchema-instance">
            <OEMInformation>
                <SupportURL>https://support.contoso.com</SupportURL>
                <Manufacturer></Manufacturer>
                <SupportProvider>Contoso</SupportProvider>
            </OEMInformation>
            <OEMName>Contoso</OEMName>
            <ProductKey>JMGNM-VTCK8-VTP9W-CYHBD-TCRBY</ProductKey>
        </component>
        <component name="Microsoft-Windows-IE-InternetExplorer" processorArchitecture="amd64" publicKeyToken="31bf3856ad364e35" language="neutral" versionScope="nonSxS" xmlns:wcm="http://schemas.microsoft.com/WMIConfig/2002/State" xmlns:xsi="http://www.w3.org/2001/XMLSchema-instance">
            <SearchScopes>
                <Scope wcm:action="add">
                    <FaviconURL>http://www.bing.com/favicon.ico</FaviconURL>
                    <ScopeDefault>true</ScopeDefault>
                    <ScopeDisplayName>Bing</ScopeDisplayName>
                    <ScopeKey>Bing</ScopeKey>
                    <SuggestionsURL>http://api.bing.com/qsml.aspx?query={searchTerms}&amp;maxwidth={ie:maxWidth}&amp;rowheight={ie:rowHeight}&amp;sectionHeight={ie:sectionHeight}&amp;FORM=IE8SSC&amp;market={language}</SuggestionsURL>
                    <ScopeUrl>http://www.bing.com/search?q={searchTerms}&amp;form=PRNAM1&amp;src=IE11TR&amp;pc=NMTE</ScopeUrl>
                </Scope>
            </SearchScopes>
            <Home_Page>http://www.msn.com/?pc=NMTE</Home_Page>
        </component>
        <component name="Microsoft-Windows-Internet-Browser-Configuration" processorArchitecture="amd64" publicKeyToken="31bf3856ad364e35" language="neutral" versionScope="nonSxS" xmlns:wcm="http://schemas.microsoft.com/WMIConfig/2002/State" xmlns:xsi="http://www.w3.org/2001/XMLSchema-instance">
            <PartnerSearchCode>NMTS</PartnerSearchCode>
        </component>
    </settings>
    <settings pass="oobeSystem">
        <component name="Microsoft-Windows-Shell-Setup" processorArchitecture="amd64" publicKeyToken="31bf3856ad364e35" language="neutral" versionScope="nonSxS" xmlns:wcm="http://schemas.microsoft.com/WMIConfig/2002/State" xmlns:xsi="http://www.w3.org/2001/XMLSchema-instance">
            <Themes>
                <DesktopBackground>%windir%\OEM\Wallpaper.jpg</DesktopBackground>
                <ThemeName>OEM Theme</ThemeName>
            </Themes>
        </component>
        <component name="Microsoft-Windows-Deployment" processorArchitecture="amd64" publicKeyToken="31bf3856ad364e35" language="neutral" versionScope="nonSxS" xmlns:wcm="http://schemas.microsoft.com/WMIConfig/2002/State" xmlns:xsi="http://www.w3.org/2001/XMLSchema-instance">
            <Reseal>
                <Mode>Audit</Mode>
            </Reseal>
        </component>
    </settings>
    <settings pass="generalize">
        <component name="Microsoft-Windows-PnpSysprep" processorArchitecture="amd64" publicKeyToken="31bf3856ad364e35" language="neutral" versionScope="nonSxS" xmlns:wcm="http://schemas.microsoft.com/WMIConfig/2002/State" xmlns:xsi="http://www.w3.org/2001/XMLSchema-instance">
            <DoNotCleanUpNonPresentDevices>true</DoNotCleanUpNonPresentDevices>
            <PersistAllDeviceInstalls>true</PersistAllDeviceInstalls>
        </component>
    </settings>
    <cpi:offlineImage cpi:source="catalog:c:/opk/windows/install_windows 10 pro for workstations 21h1.clg" xmlns:cpi="urn:schemas-microsoft-com:cpi" />
</unattend>
